sku,url
BG.1.10487-3,https://chastorg.ru/wp-content/uploads/2023/09/bg.1.10487-3.png
BG.1.10490-5,https://chastorg.ru/wp-content/uploads/2023/09/bg.1.10490-5.png
BG.1.10497-3,https://chastorg.ru/wp-content/uploads/2023/09/bg.1.10497-3_1.png
BG.1.10507-3,https://chastorg.ru/wp-content/uploads/2023/09/bg.1.10507-3.png
BG.1.10507-4,https://chastorg.ru/wp-content/uploads/2023/09/bg.1.10507-4.png
BG.1.10508-4,https://chastorg.ru/wp-content/uploads/2023/09/bg.1.10508-4.png
BG.1.10510-3,https://chastorg.ru/wp-content/uploads/2023/09/bg.1.10510-3_1.png
BGT0201-1,https://chastorg.ru/wp-content/uploads/2022/12/7315.jpg
BGT0223-3,https://chastorg.ru/wp-content/uploads/2022/12/de237732357011eca9a200155d0532c8_20f8fc6f72ce11eda9a600155d0532c8.jpg
BGT0242-5,https://chastorg.ru/wp-content/uploads/2022/12/2704.jpg
CF 5209 GIP PHOENIX,https://chastorg.ru/wp-content/uploads/2026/03/CF20520920GIP20PHOENIX201.jpg
CF 5209 GIPB ORANGE,https://chastorg.ru/wp-content/uploads/2026/03/CF20520920GIPB20ORANGE201.jpg
CF 5209 GIPB RED,https://chastorg.ru/wp-content/uploads/2026/03/CF20520920GIPB20RED201.jpg
CF 5209 GSS BLUE,https://chastorg.ru/wp-content/uploads/2026/03/CF20520920GSS20BLUE201.jpg
CF 5209 GSSB WHITE,https://chastorg.ru/wp-content/uploads/2026/03/CF20520920GSSB20WHITE201.jpg
CF 5209 GSSBB BLACK,https://chastorg.ru/wp-content/uploads/2026/03/CF20520920GSSBB20BLACK201.jpg
CF 5209 GSSBB WHITE,https://chastorg.ru/wp-content/uploads/2026/03/CF20520920GSSBB20WHITE201.jpg
CF 5218 GIPR BLUE,https://chastorg.ru/wp-content/uploads/2026/03/CF20521820GIPR20BLUE201.jpg
CF 5221 GIP BRONZE,https://chastorg.ru/wp-content/uploads/2026/03/CF20522120GIP20BRONZE201.jpg
CF 5221 GIPB BLACK,https://chastorg.ru/wp-content/uploads/2026/03/CF20522120GIPB20BLACK201.jpg
CF 5221 GIPY,https://chastorg.ru/wp-content/uploads/2026/03/CF20522120GIPY201.jpg
CF 5221 GSS WHITE,https://chastorg.ru/wp-content/uploads/2026/03/CF20522120GSS20WHITE201.jpg
CF 5231 GIPRB,https://chastorg.ru/wp-content/uploads/2024/11/cf20523120giprb201.jpg
CF 5231 GIPYB,https://chastorg.ru/wp-content/uploads/2024/11/cf20523120gipyb201.jpg
CF 5238 GIPR BLUE,https://chastorg.ru/wp-content/uploads/2026/03/CF20523820GIPR20BLUE201.jpg
CF 5257 GIPY,https://chastorg.ru/wp-content/uploads/2024/11/cf20525720gipy201.jpg
CF 5257 GSS BLUE,https://chastorg.ru/wp-content/uploads/2026/03/CF20525720GSS20BLUE201.jpg
CF 5298 GIPRB,https://chastorg.ru/wp-content/uploads/2026/03/CF-5298-GIPRB.jpg
CF 5305 GIPR BLUE,https://chastorg.ru/wp-content/uploads/2026/03/CF20530520GIPR20BLUE201.jpg
CF 5315 GSS BLUE,https://chastorg.ru/wp-content/uploads/2026/03/CF20531520GSS20BLUE201.jpg
CF 5317 GIPR BLUE,https://chastorg.ru/wp-content/uploads/2026/03/CF20531720GIPR20BLUE201.jpg
CF 5322 GIPB BLUE,https://chastorg.ru/wp-content/uploads/2026/03/CF20532220GIPB20BLUE201.jpg
CF 5322 GIPB ORANGE,https://chastorg.ru/wp-content/uploads/2026/03/CF20532220GIPB20ORANGE201.jpg
CF 5323 GIP ORANGE,https://chastorg.ru/wp-content/uploads/2026/03/CF20532320GIP20ORANGE201.jpg
CF 5331 GIPB,https://chastorg.ru/wp-content/uploads/2026/03/CF20533120GIPB201.jpg
CF 5332 GIP BLUE RED,https://chastorg.ru/wp-content/uploads/2026/03/CF20533220GIP20BLUE20RED201.jpg
CF 5332 GIP GUN,https://chastorg.ru/wp-content/uploads/2026/03/CF-5332-GIP-GUN.jpg
CF 5332 GIPB BLUE,https://chastorg.ru/wp-content/uploads/2026/03/CF-5332-GIPB-BLUE.jpg
CF 5332 GIPB RED,https://chastorg.ru/wp-content/uploads/2026/03/CF-5332-GIPB-RED.jpg
CF 5332 GIPB YELLOW,https://chastorg.ru/wp-content/uploads/2026/03/CF-5332-GIPB-YELLOW.jpg
CF 5332 GIPR BLUE,https://chastorg.ru/wp-content/uploads/2026/03/CF20533220GIPR20BLUE201.jpg
CF 5332 GIPRB,https://chastorg.ru/wp-content/uploads/2026/03/CF-5332-GIPRB.jpg
CF 5335 GIPB BLUE YELLOW,https://chastorg.ru/wp-content/uploads/2026/03/CF20533520GIPB20BLUE20YELLOW201.jpg
CF 5335 GIPRB,https://chastorg.ru/wp-content/uploads/2023/12/cf20533520giprb201-1444x2048-1.jpg
CF 5338 GIPB YELLOW,https://chastorg.ru/wp-content/uploads/2026/03/CF20533820GIPB20YELLOW201.jpg
CF 5339 GIPR,https://chastorg.ru/wp-content/uploads/2024/11/cf20533920gipr.jpg
CF 5339 GIPY,https://chastorg.ru/wp-content/uploads/2024/10/cf20533920gipy201.jpg
CF 5339 GSSR COMBINATION WHITE,https://chastorg.ru/wp-content/uploads/2024/10/cf20533920gssr20combination20white201.jpg
CF 5340 GSSR COMBINATION,https://chastorg.ru/wp-content/uploads/2026/03/CF20534020GSSR20COMBINATION201.jpg
CF 5345 GSSB BLACK,https://chastorg.ru/wp-content/uploads/2026/03/CF20534520GSSB20BLACK201.jpg
CF 5346 GSS SALMON PINK,https://chastorg.ru/wp-content/uploads/2026/03/CF20534620GSS20SALOMON20PINK201.jpg
CF 5346 GSSB BEIGE,https://chastorg.ru/wp-content/uploads/2026/03/CF20534620GSSB20BEIGE201.jpg
CF 5346 GSSR COMBINATION,https://chastorg.ru/wp-content/uploads/2024/10/cf20534620gssr20combination201.jpg
CF 5347 GIPB BLUE,https://chastorg.ru/wp-content/uploads/2026/03/CF20534720GIPB20BLUE201.jpg
CF 5347 GIPB YELLOW,https://chastorg.ru/wp-content/uploads/2024/11/cf20534720gipb20yellow201.jpg
CF 5350 GIPB BLUE,https://chastorg.ru/wp-content/uploads/2026/03/CF20535020GIPB20BLUE201.jpg
CF 5350 GIPBR,https://chastorg.ru/wp-content/uploads/2026/03/CF20535020GIPBR201.jpg
CF 5350 GIPR,https://chastorg.ru/wp-content/uploads/2026/03/CF20535020GIPR201.jpg
CF 5350 GSSB BLACK-ROSEGOLD,https://chastorg.ru/wp-content/uploads/2026/03/CF20535020GSSB20BLACK-ROSEGOLD201.jpg
CF 5352 GIPB BLACK RED,https://chastorg.ru/wp-content/uploads/2026/03/CF-5352-GIPB-BLACK-RED.jpg
CF 5352 GIPRB,https://chastorg.ru/wp-content/uploads/2026/03/CF20535220GIPRB201.jpg
CF 5352 GSS WHITE,https://chastorg.ru/wp-content/uploads/2026/03/CF20535220GSS20WHITE201.jpg
CF 5352 GSSB,https://chastorg.ru/wp-content/uploads/2026/03/CF20535220GSSB201.jpg
CF 5352 GSSR COMBINATION,https://chastorg.ru/wp-content/uploads/2026/03/CF20535220GSSR20COMBINATION201.jpg
CF 5353 GSSB GREEN,https://chastorg.ru/wp-content/uploads/2026/03/CF20535320GSSB20GREEN201.jpg
CF 5355 GSBS,https://chastorg.ru/wp-content/uploads/2026/03/CF20535520GSBS201.jpg
CF 5355 GSS BLACK,https://chastorg.ru/wp-content/uploads/2026/03/CF20535520GSS20BLACK201.jpg
CF 5355 GSS WHITE,https://chastorg.ru/wp-content/uploads/2026/03/CF20535520GSS20WHITE201.jpg
CF 5355 GSSR COMBINATION BLACK,https://chastorg.ru/wp-content/uploads/2024/11/cf20535520gssr20combination20black201.jpg
CF 5356 GIPRB,https://chastorg.ru/wp-content/uploads/2026/03/CF20535620GIPRB201.jpg
CF 5356 GSS BLUE,https://chastorg.ru/wp-content/uploads/2026/03/CF20535620GSS20BLUE201.jpg
CF 5356 GSS GREEN,https://chastorg.ru/wp-content/uploads/2026/03/CF20535620GSS20GREEN201.jpg
CF 5357 GIPB BLUE,https://chastorg.ru/wp-content/uploads/2026/03/CF-5357-GIPB-BLUE.jpg
CF 5357 GSSB BLACK,https://chastorg.ru/wp-content/uploads/2026/03/CF20535720GSSB20BLACK201.jpg
CF 5358 GIP BLUE WHITE,https://chastorg.ru/wp-content/uploads/2026/03/CF-5358-GIP-BLUE-WHITE.jpg
CF 5358 GIP GUN,https://chastorg.ru/wp-content/uploads/2026/03/CF-5358-GIP-GUN.jpg
CF 5358 GIPB BLUE,https://chastorg.ru/wp-content/uploads/2026/03/CF-5358-GIPB-BLUE.jpg
CF 5358 GIPB WHITE,https://chastorg.ru/wp-content/uploads/2026/03/CF-5358-GIPB-WHITE.jpg
CF 5358 GIPB YELLOW,https://chastorg.ru/wp-content/uploads/2026/03/CF-5358-GIPB-YELLOW.jpg
CF 5358 GIPRB,https://chastorg.ru/wp-content/uploads/2026/03/CF-5358-GIPRB.jpg
CF 5359 GIP GREY BLACK,https://chastorg.ru/wp-content/uploads/2026/03/CF-5359-GIP-GREY-BLACK.jpg
CF 5359 GIP GREY GREEN,https://chastorg.ru/wp-content/uploads/2026/03/CF-5359-GIP-GREY-GREEN.jpg
CF 5359 GIPB BLACK BLUE,https://chastorg.ru/wp-content/uploads/2026/03/CF-5359-GIPB-BLACK-BLUE.jpg
CF 5359 GIPB BLUE,https://chastorg.ru/wp-content/uploads/2026/03/CF-5359-GIPB-BLUE.jpg
CF 5359 GIPB BROWN,https://chastorg.ru/wp-content/uploads/2026/03/CF-5359-GIPB-BROWN.jpg
CF 5359 GIPBG,https://chastorg.ru/wp-content/uploads/2026/03/CF-5359-GIPBG.jpg
CF 5360 GIP GUN,https://chastorg.ru/wp-content/uploads/2026/03/CF-5360-GIP-GUN.jpg
CF 5360 GIPB DARK BLUE,https://chastorg.ru/wp-content/uploads/2026/03/CF-5360-GIPB-DARK-BLUE.jpg
CF 5360 GIPB GREEN,https://chastorg.ru/wp-content/uploads/2026/03/CF20536020GIPB20GREEN201.jpg
CF 5360 GIPB LIGHT BLUE,https://chastorg.ru/wp-content/uploads/2026/03/CF20536020GIPB20LIGHT20BLUE201.jpg
CF 5360 GIPRB,https://chastorg.ru/wp-content/uploads/2026/03/CF20536020GIPRB201.jpg
CF 5360 GSSB BLACK,https://chastorg.ru/wp-content/uploads/2026/03/CF20536020GSSB20BLACK201.jpg
CF 5361 GIPB RED,https://chastorg.ru/wp-content/uploads/2026/03/CF20536020GOPB20RED201.jpg
CF 5361 GIPRB,https://chastorg.ru/wp-content/uploads/2026/03/CF20536120GIPRB201.jpg
E1160L-DZ4RCW,https://chastorg.ru/wp-content/uploads/2022/12/E1160L-DZ4RCW201.jpg
E2035M-CZ1RIW,https://chastorg.ru/wp-content/uploads/2022/12/E2035M-CZ1RIW1.jpg
E2085L-CZ1IIW,https://chastorg.ru/wp-content/uploads/2022/12/E2085L-CZ1IIW201.jpg
E2086L-CZ1WWH,https://chastorg.ru/wp-content/uploads/2022/12/E2086L-CZ1WWH1.jpg
E2091L-CZ4HHH,https://chastorg.ru/wp-content/uploads/2022/12/E2091L-CZ4HHH1.jpg
E3112L-DZ4HHE,https://chastorg.ru/wp-content/uploads/2022/12/E3112L-DZ4HHE201.jpg
E3118L-DZ4CCH,https://chastorg.ru/wp-content/uploads/2022/12/E3118L-DZ4CCH3.jpg
E3119L-CZ1HHH,https://chastorg.ru/wp-content/uploads/2022/12/E3119L-CZ1HHH1.jpg
E3133L-CZ5BBZ,https://chastorg.ru/wp-content/uploads/2022/12/E3133L-CZ5BBZ201.jpg
E3133L-CZ5HHF,https://chastorg.ru/wp-content/uploads/2022/12/E3133L-CZ5HHF201.jpg
E3136L-DZ1CCP,https://chastorg.ru/wp-content/uploads/2022/12/E3136L-DZ1CCP201.jpg
E3136L-DZ1HBM,https://chastorg.ru/wp-content/uploads/2022/12/E3136L-DZ1HBM201.jpg
E3136L-DZ1HHH,https://chastorg.ru/wp-content/uploads/2022/12/E3136L-DZ1HHH201.jpg
E3145L-DZ5HZH,https://chastorg.ru/wp-content/uploads/2022/12/E3145L-DZ5HZH201.jpg
E3148L-DZ2HHH,https://chastorg.ru/wp-content/uploads/2022/12/E3148L-DZ2HHH201.jpg
E3149L-DZ1CCH,https://chastorg.ru/wp-content/uploads/2022/12/E3149L-DZ1CCH201.jpg
E3149L-DZ1HHH,https://chastorg.ru/wp-content/uploads/2022/12/E3149L-DZ1HHH1.jpg
E3151L-DZ1HCU,https://chastorg.ru/wp-content/uploads/2022/12/E3151L-DZ1HCU201.jpg
E3151L-DZ1HHY,https://chastorg.ru/wp-content/uploads/2022/12/E3151L-DZ1HHY201.jpg
E7010L-DZ8WHH,https://chastorg.ru/wp-content/uploads/2022/12/E7010L-DZ8WHH201.jpg
E7018L-DZ8HAA,https://chastorg.ru/wp-content/uploads/2022/12/2dbf6abb0caf11eda9a600155d0532c8_f61b642a834c11eda9a600155d0532c8.jpg
E7019L-CZ8TTT,https://chastorg.ru/wp-content/uploads/2022/12/E7019L-CZ8TTT201.jpg
E7023L-CZ8XWW,https://chastorg.ru/wp-content/uploads/2022/12/E7023L-CZ8XWW1.jpg
E7023L-CZ8YWW,https://chastorg.ru/wp-content/uploads/2022/12/E7023L-CZ8YWW1.jpg
E7040L-DZ8ROW,https://chastorg.ru/wp-content/uploads/2022/12/2dbf6ac90caf11eda9a600155d0532c8_357e8018834d11eda9a600155d0532c8.jpg
E7043L-DZ8RHC,https://chastorg.ru/wp-content/uploads/2022/12/E7043L-DZ8RHC201.jpg
E7051L-DZ9RCW,https://chastorg.ru/wp-content/uploads/2022/12/E7051L-DZ9RCW1.jpg
E7053L-CZ8IIB,https://chastorg.ru/wp-content/uploads/2022/12/E7053L-CZ8IIB201.jpg
E7060L-CZ8IIH,https://chastorg.ru/wp-content/uploads/2022/12/E7060L-CZ8IIH201.jpg
E7063L-XZ8HHH,https://chastorg.ru/wp-content/uploads/2022/12/E7063L-XZ8HHH201.jpg
E7066L-XZ8IIW,https://chastorg.ru/wp-content/uploads/2022/12/E7066L-XZ8IIW201.jpg
E7066L-XZ8TTG,https://chastorg.ru/wp-content/uploads/2022/12/E7066L-XZ8TTG201.jpg
E7068L-XZ8GTG,https://chastorg.ru/wp-content/uploads/2022/12/E7068L-XZ8GTG201.jpg
E7068L-XZ8RIW,https://chastorg.ru/wp-content/uploads/2022/12/E7068L-XZ8RIW201.jpg
E7089L-DZ8RCW,https://chastorg.ru/wp-content/uploads/2022/12/E7089L-DZ8RCW1.jpg
E9003L-AZ8TTW,https://chastorg.ru/wp-content/uploads/2022/12/E9003L-AZ8TTW201.jpg
E9003L-AZ8WWW,https://chastorg.ru/wp-content/uploads/2022/12/E9003L-AZ8WWW201.jpg
E9005L-BZ8THW,https://chastorg.ru/wp-content/uploads/2022/12/E9005L-BZ8THW1.jpg
E9006M-BZ8ICB,https://chastorg.ru/wp-content/uploads/2022/12/E9006M-BZ8ICB201.jpg
E9006M-BZ8ICW,https://chastorg.ru/wp-content/uploads/2022/12/E9006M-BZ8ICW1.jpg
E9006M-BZ8WHH,https://chastorg.ru/wp-content/uploads/2022/12/E9006M-BZ8WHH201.jpg
E9006M-BZ8WHW,https://chastorg.ru/wp-content/uploads/2022/12/E9006M-BZ8WHW201.jpg
E9040M-BZ8RCW,https://chastorg.ru/wp-content/uploads/2022/12/E9040M-BZ8RCW201.jpg
E9048L-BZ3WCW,https://chastorg.ru/wp-content/uploads/2022/12/E9048L-BZ3WCW1.jpg
E9058L-BZ8TCW,https://chastorg.ru/wp-content/uploads/2022/12/E9058L-BZ8TCW201.jpg
E9068L-AZ2IIW,https://chastorg.ru/wp-content/uploads/2022/12/E9068L-AZ2IIW201.jpg
E9068S-AZ2WWH,https://chastorg.ru/wp-content/uploads/2022/12/E9068S-AZ2WWH201.jpg
E9070L-BZ2ICW,https://chastorg.ru/wp-content/uploads/2022/12/E9070L-BZ2ICW201.jpg
E9093L-AZ3IIW,https://chastorg.ru/wp-content/uploads/2022/12/E9093L-AZ3IIW201.jpg
E9093L-AZ3WWW,https://chastorg.ru/wp-content/uploads/2022/12/E9093L-AZ3WWW201.jpg
EFL7001L-SG01,https://chastorg.ru/wp-content/uploads/2022/12/EFL7001L-SG01201.jpg
EFLS8790L-SG01,https://chastorg.ru/wp-content/uploads/2022/12/EFLS8790L-SG01201.jpg
EFLS8790L-SG02,https://chastorg.ru/wp-content/uploads/2022/12/EFLS8790L-SG02201.jpg
EFLS8790L-SG05,https://chastorg.ru/wp-content/uploads/2022/12/d67ce7ea0e7d11eda9a600155d0532c8_78fdca13834e11eda9a600155d0532c8.jpg
F1001-1,https://chastorg.ru/wp-content/uploads/2024/07/f1001-1_1.jpg
F1001-2,https://chastorg.ru/wp-content/uploads/2024/07/f1001-2_1.jpg
F1001-3,https://chastorg.ru/wp-content/uploads/2024/07/f1001-3_1.jpg
F1003-1,https://chastorg.ru/wp-content/uploads/2024/07/f1003-1_1.jpg
F1003-2,https://chastorg.ru/wp-content/uploads/2024/07/f1003-2_1.jpg
F1003-3,https://chastorg.ru/wp-content/uploads/2024/07/f1003-3_1.jpg
F1004-1,https://chastorg.ru/wp-content/uploads/2024/07/f1004-1_1.jpg
F1004-3,https://chastorg.ru/wp-content/uploads/2024/07/f1004-3_1.jpg
F1004-4,https://chastorg.ru/wp-content/uploads/2024/07/f1004-4_1.jpg
F1005-1,https://chastorg.ru/wp-content/uploads/2024/07/f1005-1_1.jpg
F1006-1,https://chastorg.ru/wp-content/uploads/2024/07/f1006-1_1.jpg
F1006-2,https://chastorg.ru/wp-content/uploads/2024/07/f1006-2_1.jpg
F1006-3,https://chastorg.ru/wp-content/uploads/2024/07/f1006-3_1.jpg
F1007-1,https://chastorg.ru/wp-content/uploads/2024/07/f1007-1_1.jpg
F1007-3,https://chastorg.ru/wp-content/uploads/2024/07/f1007-3_1.jpg
F1009-1,https://chastorg.ru/wp-content/uploads/2024/07/f1009-1_1.jpg
F1009-2,https://chastorg.ru/wp-content/uploads/2024/07/f1009-2_1.jpg
F1009-3,https://chastorg.ru/wp-content/uploads/2024/07/f1009-3_1.jpg
F1011-1,https://chastorg.ru/wp-content/uploads/2024/07/f1011-1_1.jpg
F1011-2,https://chastorg.ru/wp-content/uploads/2024/07/f1011-2_1.jpg
F1011-3,https://chastorg.ru/wp-content/uploads/2024/07/f1011-3_1.jpg
F1012-1,https://chastorg.ru/wp-content/uploads/2024/07/f1012-1_1.jpg
F1012-2,https://chastorg.ru/wp-content/uploads/2024/07/f1012-2_1.jpg
F1012-3,https://chastorg.ru/wp-content/uploads/2024/07/f1012-3_1.jpg
F1013-1,https://chastorg.ru/wp-content/uploads/2024/07/f1013-1_1.jpg
F1013-2,https://chastorg.ru/wp-content/uploads/2024/07/f1013-2_1.jpg
F1013-3,https://chastorg.ru/wp-content/uploads/2024/07/f1013-3_1.jpg
F1013-4,https://chastorg.ru/wp-content/uploads/2024/07/f1013-4_1.jpg
F1014-1,https://chastorg.ru/wp-content/uploads/2024/07/f1014-1_1.jpg
F1014-2,https://chastorg.ru/wp-content/uploads/2024/07/f1014-2_1.jpg
F1014-3,https://chastorg.ru/wp-content/uploads/2024/07/f1014-3_1.jpg
F1015-1,https://chastorg.ru/wp-content/uploads/2024/07/f1015-1_1.jpg
F1015-2,https://chastorg.ru/wp-content/uploads/2024/07/f1015-2_1.jpg
F1016-1,https://chastorg.ru/wp-content/uploads/2024/07/f1016-1_1.jpg
F1016-3,https://chastorg.ru/wp-content/uploads/2024/07/f1016-3_1.jpg
F1016-4,https://chastorg.ru/wp-content/uploads/2024/07/f1016-4_1.jpg
F1017-1,https://chastorg.ru/wp-content/uploads/2024/07/f1017-1_1.jpg
F1017-2,https://chastorg.ru/wp-content/uploads/2024/07/f1017-2_1.jpg
F1017-3,https://chastorg.ru/wp-content/uploads/2024/07/f1017-3_1.jpg
F11130AWT-D,https://chastorg.ru/wp-content/uploads/2024/03/f11130awt-d201.jpg
F11288AWT-D2,https://chastorg.ru/wp-content/uploads/2024/03/f11288awt-d2201.jpg
F11288AWT-E,https://chastorg.ru/wp-content/uploads/2024/03/f11288awt-e201.jpg
F11448AWT-B,https://chastorg.ru/wp-content/uploads/2024/11/f11448awt-b201.jpg
F11471AWT-D6,https://chastorg.ru/wp-content/uploads/2024/11/f11471awt-d6201.jpg
F11476AWT-A15,https://chastorg.ru/wp-content/uploads/2024/11/f11476awt-a15201.jpg
F11514AWT-A15,https://chastorg.ru/wp-content/uploads/2024/11/f11514awt-a15201.jpg
F40100-A3,https://chastorg.ru/wp-content/uploads/2024/03/f40100-a3201-1.jpg
F51336AWT-B,https://chastorg.ru/wp-content/uploads/2024/11/f51336awt-b201.jpg
F51336AWT-E,https://chastorg.ru/wp-content/uploads/2024/11/f51336awt-e201.jpg
FL21384AWT-A,https://chastorg.ru/wp-content/uploads/2024/11/fl21384awt-a201.jpg
FL21450AWT-E3,https://chastorg.ru/wp-content/uploads/2024/11/fl21450awt-e3201.jpg
FL21472AWT-B4,https://chastorg.ru/wp-content/uploads/2024/11/fl21472awt-b4201.jpg
FL21477AWT-B,https://chastorg.ru/wp-content/uploads/2024/11/fl21477awt-b201.jpg
FL21513AWT-D6,https://chastorg.ru/wp-content/uploads/2024/11/fl21513awt-d6201.jpg
FL21515AWT-B2,https://chastorg.ru/wp-content/uploads/2024/11/fl21515awt-b2201.jpg
FL21515AWT-D,https://chastorg.ru/wp-content/uploads/2024/11/fl21515awt-d201.jpg
FL40119A-B,https://chastorg.ru/wp-content/uploads/2024/11/fl40119a-b201.jpg
FL40129A-D6,https://chastorg.ru/wp-content/uploads/2024/11/fl40129a-d6201.jpg
FL43003A-B,https://chastorg.ru/wp-content/uploads/2024/11/fl43003a-b201.jpg
FL43003A-D,https://chastorg.ru/wp-content/uploads/2024/11/fl43003a-d201.jpg
FM11309AWT-A15,https://chastorg.ru/wp-content/uploads/2024/11/fm11309awt-a15201.jpg
FM11309AWT-A6,https://chastorg.ru/wp-content/uploads/2024/11/fm11309awt-a6201.jpg
FM11346DWT-ZA2,https://chastorg.ru/wp-content/uploads/2024/11/fm11346dwt-za2201.jpg
FM11346DWT-ZK,https://chastorg.ru/wp-content/uploads/2024/11/fm11346d-zk201.jpg
FM11346DWT-ZN,https://chastorg.ru/wp-content/uploads/2024/11/fm11346dwt-zn201.jpg
FM11397AWT-J1,https://chastorg.ru/wp-content/uploads/2024/03/fm11397awt-j1201.jpg
FM11397AWT-J10,https://chastorg.ru/wp-content/uploads/2024/11/fm11397awt-j10201.jpg
FM11437AWT-A3,https://chastorg.ru/wp-content/uploads/2024/03/fm11437awt-a3201.jpg
FM11447BWT-R10,https://chastorg.ru/wp-content/uploads/2024/03/fm11447bwt-r10201.jpg
FM11451AWT-A12,https://chastorg.ru/wp-content/uploads/2024/03/fm11451awt-a12201-1.jpg
FM11451AWT-B2,https://chastorg.ru/wp-content/uploads/2024/03/fm11451awt-b2201-1.jpg
FM11452AWT-A3,https://chastorg.ru/wp-content/uploads/2024/03/fm11452awt-a3201.jpg
FM11454AWT-A6,https://chastorg.ru/wp-content/uploads/2024/11/fm11454awt-a6201.jpg
FM11465AWT-B,https://chastorg.ru/wp-content/uploads/2024/11/fm11465awt-b201.jpg
FM11465AWT-D6,https://chastorg.ru/wp-content/uploads/2024/11/fm11465awt-d6201.jpg
FM11499AWT-A15,https://chastorg.ru/wp-content/uploads/2024/11/fm11499awt-a15201.jpg
FM11499AWT-D2,https://chastorg.ru/wp-content/uploads/2024/11/fm11499awt-d2201.jpg
FM40103-A4,https://chastorg.ru/wp-content/uploads/2024/03/fm40103-a4-1.jpg
FM40108A-A3,https://chastorg.ru/wp-content/uploads/2024/03/fm40108a-a3201-1.jpg
FM40133A-A2,https://chastorg.ru/wp-content/uploads/2024/11/fm40133a-a2201.jpg
FM40133A-A3,https://chastorg.ru/wp-content/uploads/2024/11/fm40133a-a3201.jpg
FM40133A-A4,https://chastorg.ru/wp-content/uploads/2024/11/fm40133a-a4201.jpg
FM40133A-A6,https://chastorg.ru/wp-content/uploads/2024/11/fm40133a-a6201.jpg
FM40133A-B2,https://chastorg.ru/wp-content/uploads/2024/11/fm40133a-b2201.jpg
FM40133A-D6,https://chastorg.ru/wp-content/uploads/2024/11/fm40133a-d6201.jpg
FM43004A-A4,https://chastorg.ru/wp-content/uploads/2024/11/fm43004a-a4201.jpg
IAM-KIT02,https://chastorg.ru/wp-content/uploads/2022/12/IAM-KIT02201.jpg
IAM-KIT03,https://chastorg.ru/wp-content/uploads/2022/12/IAM-KIT03201.jpg
IAM-KIT09,https://chastorg.ru/wp-content/uploads/2022/12/IAM-KIT09201.jpg
IAM-KIT203,https://chastorg.ru/wp-content/uploads/2022/12/IAM-KIT203201.jpg
IAM-KIT205,https://chastorg.ru/wp-content/uploads/2022/12/IAM-KIT205201.jpg
IAM-KIT209,https://chastorg.ru/wp-content/uploads/2022/12/IAM-KIT209201.jpg
IAM-KIT210,https://chastorg.ru/wp-content/uploads/2022/12/IAM-KIT210201.jpg
IAM-KIT211,https://chastorg.ru/wp-content/uploads/2022/12/IAM-KIT211201.jpg
IAM-KIT25,https://chastorg.ru/wp-content/uploads/2022/12/IAM-KIT25201.jpg
IAM-KIT26,https://chastorg.ru/wp-content/uploads/2022/12/IAM-KIT26201.jpg
IAM-KIT27,https://chastorg.ru/wp-content/uploads/2022/12/IAM-KIT27201.jpg
IAM-KIT28,https://chastorg.ru/wp-content/uploads/2022/12/IAM-KIT28201.jpg
IAM-KIT29,https://chastorg.ru/wp-content/uploads/2022/12/IAM-KIT29201.jpg
IAM-KIT345,https://chastorg.ru/wp-content/uploads/2022/12/IAM-KIT345201.jpg
IAM-KIT347,https://chastorg.ru/wp-content/uploads/2022/12/IAM-KIT347201.jpg
IAM-KIT348,https://chastorg.ru/wp-content/uploads/2022/12/IAM-KIT348201.jpg
IAM-KIT351,https://chastorg.ru/wp-content/uploads/2022/12/IAM-KIT351201.jpg
IAM-KIT352,https://chastorg.ru/wp-content/uploads/2022/12/IAM-KIT352201.jpg
IAM-KIT353,https://chastorg.ru/wp-content/uploads/2022/12/IAM-KIT353201.jpg
IAM-KIT354,https://chastorg.ru/wp-content/uploads/2022/12/IAM-KIT354201.jpg
IAM-KIT355,https://chastorg.ru/wp-content/uploads/2022/12/IAM-KIT355201.jpg
IAM-KIT515,https://chastorg.ru/wp-content/uploads/2022/12/IAM-KIT515201.jpg
IAM-KIT517,https://chastorg.ru/wp-content/uploads/2022/12/IAM-KIT517201.jpg
IAM-KIT518,https://chastorg.ru/wp-content/uploads/2022/12/IAM-KIT518201.jpg
IAM-KIT519,https://chastorg.ru/wp-content/uploads/2022/12/IAM-KIT519201.jpg
IAM-KIT520,https://chastorg.ru/wp-content/uploads/2022/12/IAM-KIT520201.jpg
IAM-KIT521,https://chastorg.ru/wp-content/uploads/2022/12/IAM-KIT521201.jpg
IAM-KIT523,https://chastorg.ru/wp-content/uploads/2022/12/IAM-KIT523201.jpg
IAM-KIT524,https://chastorg.ru/wp-content/uploads/2022/12/IAM-KIT524201.jpg
IAM-KIT525,https://chastorg.ru/wp-content/uploads/2022/12/IAM-KIT525201.jpg
IAM-KIT526,https://chastorg.ru/wp-content/uploads/2022/12/IAM-KIT526201.jpg
IAM-KIT529,https://chastorg.ru/wp-content/uploads/2022/12/IAM-KIT529201.jpg
IAM-KIT531,https://chastorg.ru/wp-content/uploads/2022/12/IAM-KIT531201.jpg
IAM-KIT534,https://chastorg.ru/wp-content/uploads/2022/12/IAM-KIT534201.jpg
IAM-KIT538,https://chastorg.ru/wp-content/uploads/2022/12/IAM-KIT538201.jpg
IAM-KIT541,https://chastorg.ru/wp-content/uploads/2022/12/IAM-KIT541201.jpg
IAM-KIT542,https://chastorg.ru/wp-content/uploads/2022/12/IAM-KIT542201.jpg
IAM-KIT544,https://chastorg.ru/wp-content/uploads/2022/12/IAM-KIT544201.jpg
IAM-KIT546,https://chastorg.ru/wp-content/uploads/2022/12/IAM-KIT546201.jpg
IAM-KIT549,https://chastorg.ru/wp-content/uploads/2022/12/IAM-KIT549201.jpg
IAM-KIT550,https://chastorg.ru/wp-content/uploads/2022/12/IAM-KIT550201.jpg
J0329L-AZ3III,https://chastorg.ru/wp-content/uploads/2023/01/J0329L-AZ3III201.jpg
J0365L-BZ2RCH,https://chastorg.ru/wp-content/uploads/2023/01/J0365L-BZ2RCH201.jpg
J0802L-BZ3RCW,https://chastorg.ru/wp-content/uploads/2023/01/J0802L-BZ3RCW20201.jpg
J0802L-BZ3RHH,https://chastorg.ru/wp-content/uploads/2023/01/J0802L-BZ3RHH201.jpg
K6223S-GZ1REW,https://chastorg.ru/wp-content/uploads/2022/12/K6223S-GZ1REW1.jpg
K6295M-XZ1HHH,https://chastorg.ru/wp-content/uploads/2022/12/K6295M-XZ1HHH201.jpg
K6299M-XZ1RRE,https://chastorg.ru/wp-content/uploads/2022/12/K6299M-XZ1RRE1.jpg
K6301M-XZ1RRE,https://chastorg.ru/wp-content/uploads/2022/12/K6301M-XZ1RRE201.jpg
K6306M-GD1RRH,https://chastorg.ru/wp-content/uploads/2022/12/K6306M-GD1RRH201.jpg
K6320M-CZ1RRE,https://chastorg.ru/wp-content/uploads/2022/12/K6320M-CZ1RRE201.jpg
K6320M-CZ1RRH,https://chastorg.ru/wp-content/uploads/2022/12/K6320M-CZ1RRH201.jpg
K6321M-CZ1HHH,https://chastorg.ru/wp-content/uploads/2022/12/K6321M-CZ1HHH201.jpg
K6343M-CZ1RRH,https://chastorg.ru/wp-content/uploads/2022/12/K6343M-CZ1RRH1.jpg
K6349M-CD1RHH,https://chastorg.ru/wp-content/uploads/2022/12/K6349M-CD1RHH201.jpg
K6356M-CZ1WWH,https://chastorg.ru/wp-content/uploads/2022/12/K6356M-CZ1WWH201.jpg
K6356M-CZ1WWW,https://chastorg.ru/wp-content/uploads/2022/12/K6356M-CZ1WWW201.jpg
K6359M-CZ1RRH,https://chastorg.ru/wp-content/uploads/2022/12/K6359M-CZ1RRH1.jpg
K6359M-EZ1RRQ,https://chastorg.ru/wp-content/uploads/2022/12/K6359M-EZ1RRQ1.jpg
K6362S-CZ1WWH,https://chastorg.ru/wp-content/uploads/2022/12/K6362S-CZ1WWH201.jpg
K6362S-CZ1WWW,https://chastorg.ru/wp-content/uploads/2022/12/K6362S-CZ1WWW201.jpg
K6371M-CD1RRH,https://chastorg.ru/wp-content/uploads/2022/12/K6371M-CD1RRH201.jpg
K6371M-CD1RRV,https://chastorg.ru/wp-content/uploads/2022/12/K6371M-CD1RRV1.jpg
K6379S-CZ2WWW,https://chastorg.ru/wp-content/uploads/2022/12/K6379S-CZ2WWW201.jpg
K6381M-CZ1RRW,https://chastorg.ru/wp-content/uploads/2022/12/K6381M-CZ1RRW201.jpg
K6388M-CZ1WWW,https://chastorg.ru/wp-content/uploads/2022/12/K6388M-CZ1WWW201.jpg
K6389M-CZ1RRE,https://chastorg.ru/wp-content/uploads/2022/12/K6389M-CZ1RRE1.jpg
K6389M-CZ1RRH,https://chastorg.ru/wp-content/uploads/2022/12/K6389M-CZ1RRH1.jpg
K6389M-CZ1WWW,https://chastorg.ru/wp-content/uploads/2022/12/K6389M-CZ1WWW201.jpg
K6391M-CZ1RRB,https://chastorg.ru/wp-content/uploads/2022/12/K6391M-CZ1RRB201.jpg
K6391M-CZ1RRL,https://chastorg.ru/wp-content/uploads/2022/12/K6391M-CZ1RRL201.jpg
K6405S-GZ1RRE,https://chastorg.ru/wp-content/uploads/2022/12/K6405S-GZ1RRE201.jpg
K6405S-GZ1RRH,https://chastorg.ru/wp-content/uploads/2022/12/K6405S-GZ1RRH201.jpg
K6405S-GZ1RRW,https://chastorg.ru/wp-content/uploads/2022/12/K6405S-GZ1RRW201.jpg
K6409M-CZ1RRB,https://chastorg.ru/wp-content/uploads/2022/12/K6409M-CZ1RRB201.jpg
K6409M-CZ1RRK,https://chastorg.ru/wp-content/uploads/2022/12/K6409M-CZ1RRK201.jpg
K6412S-GZ1RRH,https://chastorg.ru/wp-content/uploads/2022/12/K6412S-GZ1RRH201.jpg
K6412S-GZ1RRL,https://chastorg.ru/wp-content/uploads/2022/12/K6412S-GZ1RRL201.jpg
K6413S-CZ1RRB,https://chastorg.ru/wp-content/uploads/2022/12/K6413S-CZ1RRB201.jpg
K6413S-CZ1RRL,https://chastorg.ru/wp-content/uploads/2022/12/K6413S-CZ1RRL201.jpg
K6413S-CZ1RRW,https://chastorg.ru/wp-content/uploads/2022/12/K6413S-CZ1RRW201.jpg
K6420M-CZ2RRR,https://chastorg.ru/wp-content/uploads/2022/12/K6420M-CZ2RRR201.jpg
K6420M-CZ2RRW,https://chastorg.ru/wp-content/uploads/2022/12/K6420M-CZ2RRW201.jpg
K6420M-CZ2RRZ,https://chastorg.ru/wp-content/uploads/2022/12/K6420M-CZ2RRZ201.jpg
K6420M-CZ2WWB,https://chastorg.ru/wp-content/uploads/2022/12/K6420M-CZ2WWB201.jpg
K6420M-CZ2WWH,https://chastorg.ru/wp-content/uploads/2022/12/K6420M-CZ2WWH201.jpg
K6426M-CZ1RRK,https://chastorg.ru/wp-content/uploads/2022/12/K6426M-CZ1RRK201.jpg
K6426M-CZ1RRQ,https://chastorg.ru/wp-content/uploads/2022/12/K6426M-CZ1RRQ201.jpg
K6426M-CZ1RRW,https://chastorg.ru/wp-content/uploads/2022/12/K6426M-CZ1RRW201.jpg
K6426M-CZ1WWH,https://chastorg.ru/wp-content/uploads/2022/12/K6426M-CZ1WWH201.jpg
K6428M-CZ1RRH,https://chastorg.ru/wp-content/uploads/2022/12/K6428M-CZ1RRH201.jpg
K6428M-CZ1RRW,https://chastorg.ru/wp-content/uploads/2022/12/K6428M-CZ1RRW201.jpg
K6428M-GZ1RRH,https://chastorg.ru/wp-content/uploads/2022/12/K6428M-GZ1RRH201.jpg
K6428M-GZ1RRW,https://chastorg.ru/wp-content/uploads/2022/12/K6428M-GZ1RRW201.jpg
K6429M-CD1RRR,https://chastorg.ru/wp-content/uploads/2022/12/k6429m-cd1rrr.jpg
K6429M-CD1RRW,https://chastorg.ru/wp-content/uploads/2022/12/K6429M-CD1RRW201.jpg
K6449M-CZ1RRH,https://chastorg.ru/wp-content/uploads/2022/12/K6449M-CZ1RRH201.jpg
K6449M-CZ1RRL,https://chastorg.ru/wp-content/uploads/2022/12/K6449M-CZ1RRL201.jpg
K6449M-CZ1RRW,https://chastorg.ru/wp-content/uploads/2022/12/K6449M-CZ1RRW201.jpg
K6449M-CZ1WWB,https://chastorg.ru/wp-content/uploads/2022/12/K6449M-CZ1WWB201.jpg
K6449M-CZ1WWW,https://chastorg.ru/wp-content/uploads/2022/12/K6449M-CZ1WWW201.jpg
K6453M-XZ1RRL,https://chastorg.ru/wp-content/uploads/2022/12/K6453M-XZ1RRL201.jpg
K6453M-XZ1RRQ,https://chastorg.ru/wp-content/uploads/2022/12/K6453M-XZ1RRQ201.jpg
K6453M-XZ1RRW,https://chastorg.ru/wp-content/uploads/2022/12/K6453M-XZ1RRW201.jpg
K6453M-XZ1WWH,https://chastorg.ru/wp-content/uploads/2022/12/K6453M-XZ1WWH201.jpg
K6456S-XZ1RRE,https://chastorg.ru/wp-content/uploads/2022/12/K6456S-XZ1RRE201.jpg
K6456S-XZ1RRQ,https://chastorg.ru/wp-content/uploads/2022/12/K6456S-XZ1RRQ201.jpg
K6458S-XZ1RRH,https://chastorg.ru/wp-content/uploads/2022/12/K6458S-XZ1RRH201.jpg
K6458S-XZ1RRL,https://chastorg.ru/wp-content/uploads/2022/12/K6458S-XZ1RRL201.jpg
K6459S-XZ1RRQ,https://chastorg.ru/wp-content/uploads/2022/12/K6459S-XZ1RRQ201.jpg
K6459S-XZ1WWH,https://chastorg.ru/wp-content/uploads/2022/12/K6459S-XZ1WWH201.jpg
K6459S-XZ1WWW,https://chastorg.ru/wp-content/uploads/2022/12/K6459S-XZ1WWW201.jpg
K6485S-XZ1RRC,https://chastorg.ru/wp-content/uploads/2022/12/K6485S-XZ1RRC201.jpg
LS11001,https://chastorg.ru/wp-content/uploads/2022/12/6484968040.jpg
LS11003,https://chastorg.ru/wp-content/uploads/2022/12/rosafarbenes-lederband-18-mm.jpg.png
LS12002,https://chastorg.ru/wp-content/uploads/2022/12/1-10.png
LS12007,https://chastorg.ru/wp-content/uploads/2022/12/1-14.png
LS39001,https://chastorg.ru/wp-content/uploads/2022/12/6484962518.jpg
OOO.001-11.BI,https://chastorg.ru/wp-content/uploads/2024/03/OOO.001-11.BI-1.jpg
OOO.001-12.NE.BL,https://chastorg.ru/wp-content/uploads/2024/03/OOO.001-12.NE_.BL-1.jpg
OOO.001-17.BL,https://chastorg.ru/wp-content/uploads/2023/06/1-5.png
OOO.001-19.LA,https://chastorg.ru/wp-content/uploads/2023/06/1-14.png
OOO.001-19.LO.SS,https://chastorg.ru/wp-content/uploads/2026/03/OOO.001-19.LO_.SS-1.jpg
OOO.001-19.TS.SS,https://chastorg.ru/wp-content/uploads/2026/03/OOO.001-19.TO_.SS-1.jpg
OOO.001-19.VE.SS,https://chastorg.ru/wp-content/uploads/2026/03/OOO.001-19.VE_.SS-1.jpg
OOO.001-21.SA.SS,https://chastorg.ru/wp-content/uploads/2026/03/OOO.001-21.SA_.SS-1.jpg
OOO.001-21.VE.CA,https://chastorg.ru/wp-content/uploads/2024/03/OOO.001-21.VE_.CA-1.jpg
OOO.001-23.BL.AC.SS,https://chastorg.ru/wp-content/uploads/2026/03/OOO.001-23.BL_.AC_.SS-1.jpg
OOO.001-23.RO.AC.SS,https://chastorg.ru/wp-content/uploads/2026/03/OOO.001-23.RO_.AC_.SS-1.jpg
OOO.001-23.VI.SS,https://chastorg.ru/wp-content/uploads/2026/03/OOO.001-23.VI_.SS-1.jpg
OOO.001-25.BB.BAND.SS,https://chastorg.ru/wp-content/uploads/2026/03/OOO.001-25.BB_.BAND_.SS-1.jpg
OOO.001-25.LA.BAND.SS,https://chastorg.ru/wp-content/uploads/2026/03/OOO.001-25.LA_.BAND_.SS-1.jpg
OOO.001-25.MAR,https://chastorg.ru/wp-content/uploads/2023/06/1-32.png
OOO.001-25.MI.BAND.SS,https://chastorg.ru/wp-content/uploads/2026/03/OOO.001-25.MI_.BAND_.SS-1.jpg
OOO.001-25.NE.BAND.SS,https://chastorg.ru/wp-content/uploads/2026/03/OOO.001-25.NE_.BAND_.SS-1.jpg
OOO.001-25.PA.BAND.SS,https://chastorg.ru/wp-content/uploads/2026/03/OOO.001-25.PA_.BAND_.SS-1.jpg
OOO.001-25.SOTB,https://chastorg.ru/wp-content/uploads/2023/06/1-33.png
OOO.001-28.GR,https://chastorg.ru/wp-content/uploads/2026/03/OOO.001-28.GR-1.jpg
OOO.001-28.RO,https://chastorg.ru/wp-content/uploads/2026/03/OOO.001-28.RO-1.jpg
OOO.001-31.GL.MA.SS,https://chastorg.ru/wp-content/uploads/2026/03/OOO.001-31.GL_.MA_.SS-1.png
OOO.001-32.NE,https://chastorg.ru/wp-content/uploads/2026/03/OOO.001-32.NE-1.jpg
OOO.001-32.OT,https://chastorg.ru/wp-content/uploads/2026/03/OOO.001-32.OT-1.jpg
OOO.001-38.AZ,https://chastorg.ru/wp-content/uploads/2026/03/OOO.001-38.AZ-1.jpg
OOO.001-38.RO,https://chastorg.ru/wp-content/uploads/2026/03/OOO.001-18.RO-1.jpg
OOO.001-5.AR,https://chastorg.ru/wp-content/uploads/2024/03/OOO.001-5.AR-1.jpg
OOO.001-5.BL,https://chastorg.ru/wp-content/uploads/2024/03/OOO.001-5.BL-1.jpg
OOO.001-5.CR,https://chastorg.ru/wp-content/uploads/2024/03/OOO.001-5.CR-1.jpg
OOO.001-7.BL,https://chastorg.ru/wp-content/uploads/2024/03/OOO.001-7.BL-1.jpg
OOO.001-7.NE,https://chastorg.ru/wp-content/uploads/2024/03/OOO.001-7.NE-1.jpg
OOO.OC.SGF.BI,https://chastorg.ru/wp-content/uploads/2023/06/ooo.oc_.sgf_.bi_1.jpg
OOO.OC.SGF.MS,https://chastorg.ru/wp-content/uploads/2023/06/ooo.oc_.sgf_1.jpg
P0210M-DZ1HZW,https://chastorg.ru/wp-content/uploads/2023/01/P0210M-DZ1HZW201.jpg
P0241M-DZ1WBB,https://chastorg.ru/wp-content/uploads/2023/01/P0241M-DZ1WBB201.jpg
P0251M-DZ1REW,https://chastorg.ru/wp-content/uploads/2023/01/P0251M-DZ1REW201.jpg
P0263M-DZ1REE,https://chastorg.ru/wp-content/uploads/2023/01/P0263M-DZ1REE201.jpg
P0292S-DZ1WQW,https://chastorg.ru/wp-content/uploads/2023/01/P0292S-DZ1WQW201.jpg
P0319M-DD1RVV,https://chastorg.ru/wp-content/uploads/2023/01/P0319M-DD1RVV1.jpg
P0326M-DD1RVV,https://chastorg.ru/wp-content/uploads/2023/01/P0326M-DD1RVV201.jpg
P0329M-DZ1REW,https://chastorg.ru/wp-content/uploads/2023/01/P0329M-DZ1REW201.jpg
P0329M-DZ1RLW,https://chastorg.ru/wp-content/uploads/2023/01/P0329M-DZ1RLW201.jpg
P0329M-DZ1RZH,https://chastorg.ru/wp-content/uploads/2023/01/P0329M-DZ1RZH201.jpg
P0343M-DZ1REW,https://chastorg.ru/wp-content/uploads/2023/01/P0343M-DZ1REW201.jpg
P0352M-DD1RHH,https://chastorg.ru/wp-content/uploads/2023/01/P0352M-DD1RHH201.jpg
P0352M-DD1RVV,https://chastorg.ru/wp-content/uploads/2023/01/P0352M-DD1RVV201.jpg
P0358S-DZ1RCW,https://chastorg.ru/wp-content/uploads/2023/01/P0358S-DZ1RCW1.jpg
P0358S-DZ1WHW,https://chastorg.ru/wp-content/uploads/2023/01/panmila-p0358s-dz1whw.jpg
P0371M-DZ1RCH,https://chastorg.ru/wp-content/uploads/2023/01/P0371M-DZ1RCH1.jpg
P0372M-DZ1WQQ,https://chastorg.ru/wp-content/uploads/2023/01/P0372M-DZ1WQQ201.jpg
P0373S-DZ1RZZ,https://chastorg.ru/wp-content/uploads/2023/01/P0373S-DZ1RZZ201.jpg
P0373S-DZ1WHW,https://chastorg.ru/wp-content/uploads/2023/01/P0373S-DZ1WHW201.jpg
P0386S-DZ1RLL,https://chastorg.ru/wp-content/uploads/2023/01/P0386S-DZ1RLL201.jpg
P0389L-NZ1HHH,https://chastorg.ru/wp-content/uploads/2023/01/P0389L-NZ1HHH201.jpg
P0389L-NZ1HHN,https://chastorg.ru/wp-content/uploads/2023/01/P0389L-NZ1HHN201.jpg
P0389L-NZ1WHH,https://chastorg.ru/wp-content/uploads/2023/01/P0389L-NZ1WHH201.jpg
P0390M-DZ1HHH,https://chastorg.ru/wp-content/uploads/2023/01/P0390M-DZ1HHH201.jpg
P0390S-DZ1HZW,https://chastorg.ru/wp-content/uploads/2023/01/P0390S-DZ1HZW201.jpg
P0398S-DZ1RCW,https://chastorg.ru/wp-content/uploads/2023/01/P0398S-DZ1RCW20201.jpg
P0401M-DD1REW,https://chastorg.ru/wp-content/uploads/2023/01/P0401M-DD1REW201.jpg
P0403S-DZ1RQW,https://chastorg.ru/wp-content/uploads/2023/01/P0403S-DZ1RQW1.jpg
P0411M-DZ1RBB,https://chastorg.ru/wp-content/uploads/2023/01/P0411M-DZ1RBB1.jpg
P0411M-DZ1RHH,https://chastorg.ru/wp-content/uploads/2023/01/P0411M-DZ1RHH201.jpg
P0411M-DZ1RZZ,https://chastorg.ru/wp-content/uploads/2023/01/600x600.webp
P0412M-DD1REB,https://chastorg.ru/wp-content/uploads/2023/01/P0412M-DD1REB1.jpg
P0415M-DZ1RHH,https://chastorg.ru/wp-content/uploads/2023/01/P0415M-DZ1RHH201.jpg
P0418M-DZ1HCW,https://chastorg.ru/wp-content/uploads/2023/01/P0418M-DZ1HHH201.jpg
P0418M-DZ1HHH,https://chastorg.ru/wp-content/uploads/2023/01/P0418M-DZ1HCW201.jpg
P0418M-DZ1WHW,https://chastorg.ru/wp-content/uploads/2023/01/P0418M-DZ1WHW201.jpg
P0421M-DZ1WQH,https://chastorg.ru/wp-content/uploads/2023/01/P0421M-DZ1WQH201.jpg
P0422M-DZ1HHH,https://chastorg.ru/wp-content/uploads/2023/01/P0422M-DZ1HHH201.jpg
P0422M-DZ1WCW,https://chastorg.ru/wp-content/uploads/2023/01/P0422M-DZ1WCW201.jpg
P0422M-DZ1WHW,https://chastorg.ru/wp-content/uploads/2023/01/P0422M-DZ1WHW201.jpg
P0422S-DZ1WCW,https://chastorg.ru/wp-content/uploads/2023/01/P0422S-DZ1WCW201.jpg
P0468M-DZ1HHH,https://chastorg.ru/wp-content/uploads/2023/01/P0468M-DZ1HHH201.jpg
P0468M-DZ1HQQ,https://chastorg.ru/wp-content/uploads/2023/01/P0468M-DZ1HQQ201.jpg
P0468M-DZ1HZZ,https://chastorg.ru/wp-content/uploads/2023/01/P0468M-DZ1HZZ201.jpg
P0469M-DZ1HHH,https://chastorg.ru/wp-content/uploads/2023/01/P0469M-DZ1HHH201.jpg
P0470M-ZZ1HHH,https://chastorg.ru/wp-content/uploads/2023/01/P0470M-ZZ1HHH201.jpg
P0471M-DZ1RBB,https://chastorg.ru/wp-content/uploads/2023/01/P0471M-DZ1RBB201.jpg
P0471M-DZ1RHB,https://chastorg.ru/wp-content/uploads/2023/01/P0471M-DZ1RHB201.jpg
P0471M-DZ1RLB,https://chastorg.ru/wp-content/uploads/2023/01/P0471M-DZ1RLB201.jpg
P0480L-ZZ1HBZ,https://chastorg.ru/wp-content/uploads/2023/01/P0480L-ZZ1HBZ201.jpg
P0480L-ZZ1HHH,https://chastorg.ru/wp-content/uploads/2023/01/P0480L-ZZ1HHH201.jpg
P0480L-ZZ1HQZ,https://chastorg.ru/wp-content/uploads/2023/01/P0480L-ZZ1HQZ201.jpg
P0480L-ZZ1HZZ,https://chastorg.ru/wp-content/uploads/2023/01/P0480L-ZZ1HZZ201.jpg
P0485M-DZ1RBB,https://chastorg.ru/wp-content/uploads/2023/01/P0485M-DZ1RBB201.jpg
P0485M-DZ1RHW,https://chastorg.ru/wp-content/uploads/2023/01/P0485M-DZ1RHW201.jpg
P0485M-DZ1RLL,https://chastorg.ru/wp-content/uploads/2023/01/P0485M-DZ1RLL201.jpg
P0485M-DZ1RQQ,https://chastorg.ru/wp-content/uploads/2023/01/P0485M-DZ1RQQ201.jpg
P0486M-DZ1HBH,https://chastorg.ru/wp-content/uploads/2023/01/P0486M-DZ1HBH201.jpg
P0486M-DZ1HCH,https://chastorg.ru/wp-content/uploads/2023/01/P0486M-DZ1HCH201.jpg
P0486M-DZ1HHH,https://chastorg.ru/wp-content/uploads/2023/01/P0486M-DZ1HHH201.jpg
P0488S-DZ1RHH,https://chastorg.ru/wp-content/uploads/2023/01/P0488S-DZ1RHH201.jpg
P0488S-DZ1RLL,https://chastorg.ru/wp-content/uploads/2023/01/P0488S-DZ1RLL201.jpg
P0489L-ZZ1HBH,https://chastorg.ru/wp-content/uploads/2023/01/P0489L-ZZ1HBH201.jpg
P0489L-ZZ1HHH,https://chastorg.ru/wp-content/uploads/2023/01/P0489L-ZZ1HHH201.jpg
P0489L-ZZ1HQQ,https://chastorg.ru/wp-content/uploads/2023/01/P0489L-ZZ1HQQ201.jpg
P0495L-ZZ1HBH,https://chastorg.ru/wp-content/uploads/2023/01/P0495L-ZZ1HBH201.jpg
P0495L-ZZ1HHH,https://chastorg.ru/wp-content/uploads/2023/01/P0495L-ZZ1HHH201.jpg
P0495L-ZZ1HQH,https://chastorg.ru/wp-content/uploads/2023/01/P0495L-ZZ1HQH201.jpg
P0499M-DZ1HBW,https://chastorg.ru/wp-content/uploads/2023/01/P0499M-DZ1HBW201.jpg
P0500L-ZZ1HBH,https://chastorg.ru/wp-content/uploads/2023/01/P0500L-ZZ1HBH201.jpg
P0500L-ZZ1HHH,https://chastorg.ru/wp-content/uploads/2023/01/P0500L-ZZ1HHH201.jpg
P0500L-ZZ1HQH,https://chastorg.ru/wp-content/uploads/2023/01/P0500L-ZZ1HQH201.jpg
P0505M-DZ1RQW,https://chastorg.ru/wp-content/uploads/2023/01/P0505M-DZ1RQW201.jpg
P0505M-DZ1RWW,https://chastorg.ru/wp-content/uploads/2023/01/P0505M-DZ1RWW201.jpg
P0505M-DZ1WBB,https://chastorg.ru/wp-content/uploads/2023/01/P0505M-DZ1WBB201.jpg
P0505M-DZ1WHW,https://chastorg.ru/wp-content/uploads/2023/01/P0505M-DZ1WHW201.jpg
P0505M-DZ1WLW,https://chastorg.ru/wp-content/uploads/2023/01/P0505M-DZ1WLW201.jpg
P0509M-DZ1RQQ,https://chastorg.ru/wp-content/uploads/2023/01/P0509M-DZ1RQQ201.jpg
P0509M-DZ1RWE,https://chastorg.ru/wp-content/uploads/2023/01/P0509M-DZ1RWE201.jpg
P0509M-DZ1WHH,https://chastorg.ru/wp-content/uploads/2023/01/P0509M-DZ1WHH201.jpg
P0532M-DZ1HCH,https://chastorg.ru/wp-content/uploads/2023/01/P0532M-DZ1HCH201.jpg
P0532M-DZ1HHH,https://chastorg.ru/wp-content/uploads/2023/01/P0532M-DZ1HHH201.jpg
P0532M-DZ1HQH,https://chastorg.ru/wp-content/uploads/2023/01/P0532M-DZ1HQH201.jpg
P0533M-DZ1REL,https://chastorg.ru/wp-content/uploads/2023/01/P0533M-DZ1REL201.jpg
P0533M-DZ1RKW,https://chastorg.ru/wp-content/uploads/2023/01/P0533M-DZ1RKW201.jpg
P0539M-DZ1RZE,https://chastorg.ru/wp-content/uploads/2023/01/P0539M-DZ1RZE201.jpg
P0539M-DZ1RZL,https://chastorg.ru/wp-content/uploads/2023/01/P0539M-DZ1RZL201.jpg
P0539M-DZ1WZH,https://chastorg.ru/wp-content/uploads/2023/01/P0539M-DZ1WZH201.jpg
P0540S-DZ1RWQ,https://chastorg.ru/wp-content/uploads/2023/01/P0540S-DZ1RWQ201.jpg
P0543M-DZ1HCW,https://chastorg.ru/wp-content/uploads/2023/01/P0543M-DZ1HCW201.jpg
P0548M-DZ1HHH,https://chastorg.ru/wp-content/uploads/2023/01/P0548M-DZ1HHH201.jpg
P0548M-DZ1WQW,https://chastorg.ru/wp-content/uploads/2023/01/P0548M-DZ1WQW201.jpg
P0558S-DZ1RHW,https://chastorg.ru/wp-content/uploads/2023/01/P0558S-DZ1RHW201.jpg
P0561S-DZ1RLW,https://chastorg.ru/wp-content/uploads/2023/01/P0561S-DZ1RLW201.jpg
P0561S-DZ1RQQ,https://chastorg.ru/wp-content/uploads/2023/01/P0561S-DZ1RQQ201.jpg
P0561S-DZ1RZR,https://chastorg.ru/wp-content/uploads/2023/01/P0561S-DZ1RZR201.jpg
P0563S-DZ1RCC,https://chastorg.ru/wp-content/uploads/2023/01/P0563S-DZ1RCC201.jpg
P0563S-DZ1RZZ,https://chastorg.ru/wp-content/uploads/2023/01/P0563S-DZ1RZZ201.jpg
P0563S-DZ1WHW,https://chastorg.ru/wp-content/uploads/2023/01/P0563S-DZ1WHW201.jpg
P0565S-DZ1RCB,https://chastorg.ru/wp-content/uploads/2023/01/P0565S-DZ1RCB201.jpg
P0575S-DZ1GHW,https://chastorg.ru/wp-content/uploads/2023/01/P0575S-DZ1GHW201.jpg
SB1067.C1,https://chastorg.ru/wp-content/uploads/2022/12/3943.png
SB1093.C3,https://chastorg.ru/wp-content/uploads/2022/12/4041.png
SB1094.C1,https://chastorg.ru/wp-content/uploads/2022/12/4043.png
SB1094.C2,https://chastorg.ru/wp-content/uploads/2022/12/4045.png
SB1094.C3,https://chastorg.ru/wp-content/uploads/2022/12/4047.png
SB1095.C2,https://chastorg.ru/wp-content/uploads/2022/12/4051.png
SB1095.C3,https://chastorg.ru/wp-content/uploads/2022/12/4053.png
SB1096.C2,https://chastorg.ru/wp-content/uploads/2022/12/4055.png
SB1096.C3,https://chastorg.ru/wp-content/uploads/2022/12/4057.png
SB1097.C1,https://chastorg.ru/wp-content/uploads/2022/12/4059.png
SB1097.C2,https://chastorg.ru/wp-content/uploads/2022/12/4061.png
ZBAE001,https://chastorg.ru/wp-content/uploads/2023/09/zbae001201.jpg
ZBAE004,https://chastorg.ru/wp-content/uploads/2023/09/zbae004201.jpg
ZBAE005,https://chastorg.ru/wp-content/uploads/2023/09/zbae005201.jpg
ZBAF001,https://chastorg.ru/wp-content/uploads/2023/09/zbaf001201.jpg
ZBAF003,https://chastorg.ru/wp-content/uploads/2023/09/zbaf003201.jpg
ZBAF004,https://chastorg.ru/wp-content/uploads/2023/09/zbaf004201.jpg
ZBAF005,https://chastorg.ru/wp-content/uploads/2023/09/zbaf005201.jpg
ZBAF006,https://chastorg.ru/wp-content/uploads/2023/09/zbaf006201.jpg
ZBAF007,https://chastorg.ru/wp-content/uploads/2023/09/zbaf007201.jpg
ZBAG001,https://chastorg.ru/wp-content/uploads/2024/03/zbag001-1.jpg
ZBAG002,https://chastorg.ru/wp-content/uploads/2024/03/zbag002-1.jpg
ZBAG003,https://chastorg.ru/wp-content/uploads/2024/03/zbag003-1.jpg
ZBAG004,https://chastorg.ru/wp-content/uploads/2024/03/zbag004-1.jpg
